{
    "Waypoints": {
        "0": [
            0.0,
            0.0
        ],
        "1": [
            1.0,
            0.0
        ],
        "2": [
            2.0,
            0.0
        ],
        "3": [
            3.0,
            0.0
        ],
        "4": [
            4.0,
            0.0
        ],
        "5": [
            0.5,
            0.8660254037844386
        ],
        "6": [
            1.5,
            0.8660254037844386
        ],
        "7": [
            2.5,
            0.8660254037844386
        ],
        "8": [
            3.5,
            0.8660254037844386
        ],
        "9": [
            4.5,
            0.8660254037844386
        ],
        "10": [
            0.0,
            1.7320508075688772
        ],
        "11": [
            1.0,
            1.7320508075688772
        ],
        "12": [
            2.0,
            1.7320508075688772
        ],
        "13": [
            3.0,
            1.7320508075688772
        ],
        "14": [
            4.0,
            1.7320508075688772
        ],
        "15": [
            0.5,
            2.598076211353316
        ],
        "16": [
            1.5,
            2.598076211353316
        ],
        "17": [
            2.5,
            2.598076211353316
        ],
        "18": [
            3.5,
            2.598076211353316
        ],
        "19": [
            4.5,
            2.598076211353316
        ],
        "20": [
            0.0,
            3.4641016151377544
        ],
        "21": [
            1.0,
            3.4641016151377544
        ],
        "22": [
            2.0,
            3.4641016151377544
        ],
        "23": [
            3.0,
            3.4641016151377544
        ],
        "24": [
            4.0,
            3.4641016151377544
        ]
    },
    "ObstacleRadius": 0.3,
    "TurningRadius": 0.5,
    "MotionPrimitves": [
        {
            "name": "60 degree left turn",
            "turningRadius": 0.5,
            "motionTypes": [
                "L",
                "R",
                "L"
            ],
            "motionLengths": [
                0.1355,
                2.889,
                0.1355
            ]
        },
        {
            "name": "60 degree right turn",
            "turningRadius": 0.5,
            "motionTypes": [
                "R",
                "L",
                "R"
            ],
            "motionLengths": [
                0.1355,
                2.889,
                0.1355
            ]
        },
        {
            "name": "120 degree left turn",
            "turningRadius": 0.5,
            "motionTypes": [
                "L",
                "R",
                "L"
            ],
            "motionLengths": [
                0.2997,
                2.6938,
                0.2997
            ]
        },
        {
            "name": "120 degree right turn",
            "turningRadius": 0.5,
            "motionTypes": [
                "R",
                "L",
                "R"
            ],
            "motionLengths": [
                0.2997,
                2.6938,
                0.2997
            ]
        }
    ],
    "Sequence": [
        1,
        0,
        5,
        6,
        2,
        7,
        3,
        8,
        4,
        9,
        14,
        13,
        12,
        11,
        10,
        15,
        16,
        17,
        18,
        19,
        24,
        23,
        22,
        21,
        20
    ]
}